# NodeID	_id	OutDeg	Pagerank
1	0	4	0.087934
2	1	2	0.050605
3	2	3	0.070642
4	3	3	0.071266
5	4	2	0.053010
6	5	4	0.088998
