# NodeID	_id	OutDeg	Pagerank
1	0	5	0.112282
2	1	2	0.049038
3	2	6	0.130544
4	3	4	0.099112
11	4	1	0.032723
12	5	1	0.076923
13	6	1	0.076923
